"Pair","Label","t","df","p-value (2-tailed)","Mean","Standard Deviation","Standard Error Mean","Confidence Interval Probability","Confidence Interval of the Difference (Lower Bound)","Confidence Interval of the Difference (Upper Bound)"
"Pair 1","age - high_blood_pressure",88.18423072101152,298,0.000000000000000000000000000000000000000000000000000000000000000000000000000000000000000000000000000000000000000000000000000000000000000000000000000000000000000000000000000000000000000000000000000000000000000000000014821879008958368,60.48272240802674,11.859762569060825,0.6858677783262174,0.95,59.13296445133508,61.8324803647184
